type,paperless_billing,payment_method,monthly_charges,total_charges,gender,senior_citizen,partner,dependents,p_i_or_b,internet_service,online_security,online_backup,device_protection,tech_support,streaming_tv,streaming_movies,multiple_lines,customer_duration
0.546026014887616,0.19146423187435607,0.1545500823617879,0.24036860426422563,0.11423224256106176,0.023884722959650072,0.06441036557775091,0.006591773070739786,0.06153035437581637,0.041287700099833714,0.27838863884069365,0.21980450345574773,0.05433516854749076,0.03674238904036059,0.20028554864670794,0.04743299621534299,0.03881630115188631,0.10120536749697541,0.5746725528896408
