type,paperless_billing,payment_method,monthly_charges,total_charges,gender,senior_citizen,partner,dependents,p_i_or_b,internet_service,online_security,online_backup,device_protection,tech_support,streaming_tv,streaming_movies,multiple_lines,customer_duration
0.5317040931694855,0.23574519086934653,0.197870709197633,0.26540353636793323,0.13786876241926282,0.03261070989011495,0.052919230456218935,0.015627964970893582,0.06521833575876529,0.01762783578472016,0.24548283576772187,0.21321529389308438,0.09522614329258815,0.04233751862869799,0.17988413700091002,0.03377311553476848,0.02904030139335742,0.05997387035408894,0.47734856155664424
