type,paperless_billing,payment_method,monthly_charges,total_charges,gender,senior_citizen,partner,dependents,p_i_or_b,internet_service,online_security,online_backup,device_protection,tech_support,streaming_tv,streaming_movies,multiple_lines,customer_duration
0.5512949339633495,0.22259322801833975,0.11961876531876034,0.26427825080246015,0.09856881700596147,0.03370880756621115,0.054030231877314754,0.023783617760307626,0.06901666230509382,0.09861751299196093,0.3177748366412604,0.22892812032053347,0.03043207409286283,0.01814813636173955,0.1688820325317347,0.09395842403345576,0.024844625826403278,0.09471862763065474,0.6416268385056122
