type,paperless_billing,payment_method,monthly_charges,total_charges,gender,senior_citizen,partner,dependents,p_i_or_b,internet_service,online_security,online_backup,device_protection,tech_support,streaming_tv,streaming_movies,multiple_lines,customer_duration
0.4867447728357962,0.15598273861723133,0.16747601263902456,0.28040239569071446,0.10839660673219675,0.05199229309366989,0.05410871416520452,0.014766494480619518,0.036561723959190794,0.043998218625385235,0.2656519110665106,0.17610312725128685,0.04560861905976447,0.04310390703310438,0.2848781397621163,0.055925620798998564,0.06929184183951317,0.1333413841693301,0.6468288121186718
