type,paperless_billing,payment_method,monthly_charges,total_charges,gender,senior_citizen,partner,dependents,p_i_or_b,internet_service,online_security,online_backup,device_protection,tech_support,streaming_tv,streaming_movies,multiple_lines,customer_duration
0.7484239441930716,0.0926192617761336,0.11975908591428314,0.15985183357418845,0.04572942718728498,0.007955114193047216,0.009687460339463796,0.0023773689809705916,0.0054325387158436645,0.007283041862383555,0.17890403173456357,0.23569487992595442,0.05384428061727507,0.008478344481843484,0.09068528457450835,0.010066588737655332,0.06535264509403264,0.029823196843227654,0.33973278598968587
