type,paperless_billing,payment_method,monthly_charges,total_charges,gender,senior_citizen,partner,dependents,p_i_or_b,internet_service,online_security,online_backup,device_protection,tech_support,streaming_tv,streaming_movies,multiple_lines,customer_duration
0.7123363548559635,0.045368063790963066,0.09119410262940078,0.19440729668178486,0.044009510149882504,0.021449836339896295,0.016557322940680387,0.0013306433200627368,0.006739162952684733,0.01835158045699856,0.19656549352501795,0.15755807418957135,0.0098832748099951,0.013086584861830909,0.19613595611611082,0.04150687966180688,0.06586602512596643,0.06402948909504315,0.392565638441775
