type,paperless_billing,payment_method,monthly_charges,total_charges,gender,senior_citizen,partner,dependents,p_i_or_b,internet_service,online_security,online_backup,device_protection,tech_support,streaming_tv,streaming_movies,multiple_lines,customer_duration
0.7984968918329667,0.08010514421444208,0.07544207567344652,0.16362715770507077,0.06388918853692799,0.008522119431283058,0.012078793809023668,0.00022568703254412467,0.02800207664210167,0.018157493736519772,0.2174867053736854,0.1896477513512364,0.020378684002041174,0.008575148210949384,0.108752698820583,0.031976896592060135,0.04819814561755457,0.05950996357076313,0.3563074807403464
